Suite/Test/Step Name,Browser,Description,Tag,Start time,End time,Duration,Status
TestSuites_Challenge,,,,2022-11-02 13:39:07,2022-11-02 13:40:30,1m - 22.886s,FAILED
,,,,,,,
Test Cases/EditProfile/Edit_Profile_Positive,,,,2022-11-02 13:39:08,2022-11-02 13:40:30,1m - 22.376s,FAILED
Start listener action : sampleBeforeTestCase,,,,2022-11-02 13:39:08,2022-11-02 13:39:08,0.008s,ERROR
Start setup action : setupTestCase,,,,2022-11-02 13:39:08,2022-11-02 13:39:39,31.325s,PASSED
"startApplication(""C:\Users\CTAS039\Downloads\app-release.apk"", true)",,,,2022-11-02 13:39:39,2022-11-02 13:39:59,19.133s,PASSED
"tap(findTestObject(""Object Repository/Edit_Profile_Positive/android.widget.ImageView""), 0)",,,,2022-11-02 13:39:59,2022-11-02 13:40:30,31.616s,FAILED
Start listener action : sampleAfterTestCase,,,,2022-11-02 13:40:30,2022-11-02 13:40:30,0.002s,ERROR
