Suite/Test/Step Name,Browser,Description,Tag,Start time,End time,Duration,Status
TestSuites_Challenge,,,,2022-11-02 13:35:29,2022-11-02 13:35:31,1.673s,ERROR
,,,,,,,
Test Cases/login_test_dulu,,,,2022-11-02 13:35:29,2022-11-02 13:35:30,1.008s,ERROR
Start listener action : sampleBeforeTestCase,,,,2022-11-02 13:35:29,2022-11-02 13:35:29,0.008s,ERROR
Start setup action : setupTestCase,,,,2022-11-02 13:35:29,2022-11-02 13:35:30,0.959s,ERROR
Start listener action : sampleAfterTestCase,,,,2022-11-02 13:35:30,2022-11-02 13:35:30,0.005s,ERROR
,,,,,,,
Test Cases/EditProfile/Edit_Profile_Positive,,,,2022-11-02 13:35:30,2022-11-02 13:35:31,0.173s,ERROR
Start listener action : sampleBeforeTestCase,,,,2022-11-02 13:35:30,2022-11-02 13:35:30,0.005s,ERROR
Start setup action : setupTestCase,,,,2022-11-02 13:35:30,2022-11-02 13:35:31,0.137s,ERROR
Start listener action : sampleAfterTestCase,,,,2022-11-02 13:35:31,2022-11-02 13:35:31,0.007s,ERROR
