Suite/Test/Step Name,Browser,Description,Tag,Start time,End time,Duration,Status
TestSuites_Challenge,,,,2022-11-02 13:36:33,2022-11-02 13:36:34,1.553s,ERROR
,,,,,,,
Test Cases/login_test_dulu,,,,2022-11-02 13:36:33,2022-11-02 13:36:34,0.856s,ERROR
Start listener action : sampleBeforeTestCase,,,,2022-11-02 13:36:33,2022-11-02 13:36:33,0.007s,ERROR
Start setup action : setupTestCase,,,,2022-11-02 13:36:33,2022-11-02 13:36:34,0.806s,ERROR
Start listener action : sampleAfterTestCase,,,,2022-11-02 13:36:34,2022-11-02 13:36:34,0.005s,ERROR
,,,,,,,
Test Cases/EditProfile/Edit_Profile_Positive,,,,2022-11-02 13:36:34,2022-11-02 13:36:34,0.158s,ERROR
Start listener action : sampleBeforeTestCase,,,,2022-11-02 13:36:34,2022-11-02 13:36:34,0.008s,ERROR
Start setup action : setupTestCase,,,,2022-11-02 13:36:34,2022-11-02 13:36:34,0.122s,ERROR
Start listener action : sampleAfterTestCase,,,,2022-11-02 13:36:34,2022-11-02 13:36:34,0.010s,ERROR
