Suite/Test/Step Name,Browser,Description,Tag,Start time,End time,Duration,Status
TestSuites_Challenge,,,,2022-10-30 01:01:02,2022-10-30 01:01:05,3.444s,FAILED
,,,,,,,
Test Cases/login_test_dulu,,,,2022-10-30 01:01:03,2022-10-30 01:01:04,1.479s,FAILED
Start listener action : sampleBeforeTestCase,,,,2022-10-30 01:01:03,2022-10-30 01:01:03,0.007s,ERROR
"startApplication(""C:\Users\CTAS039\Downloads\app-release.apk"", true)",,,,2022-10-30 01:01:03,2022-10-30 01:01:04,0.727s,FAILED
Start listener action : sampleAfterTestCase,,,,2022-10-30 01:01:04,2022-10-30 01:01:04,0.014s,ERROR
,,,,,,,
Test Cases/EditProfile/Edit_Profile_Positive,,,,2022-10-30 01:01:04,2022-10-30 01:01:05,1.155s,FAILED
Start listener action : sampleBeforeTestCase,,,,2022-10-30 01:01:04,2022-10-30 01:01:04,0.006s,ERROR
"startApplication(""C:\Users\CTAS039\Downloads\app-release.apk"", true)",,,,2022-10-30 01:01:05,2022-10-30 01:01:05,0.021s,FAILED
Start listener action : sampleAfterTestCase,,,,2022-10-30 01:01:05,2022-10-30 01:01:05,0.010s,ERROR
