Suite/Test/Step Name,Browser,Description,Tag,Start time,End time,Duration,Status
TestSuites_Challenge,,,,2022-11-02 13:32:13,2022-11-02 13:33:48,1m - 34.714s,FAILED
,,,,,,,
Test Cases/login_test_dulu,,,,2022-11-02 13:32:14,2022-11-02 13:32:54,40.655s,PASSED
Start listener action : sampleBeforeTestCase,,,,2022-11-02 13:32:14,2022-11-02 13:32:14,0.004s,ERROR
"startApplication(""C:\Users\CTAS039\Downloads\app-release.apk"", true)",,,,2022-11-02 13:32:14,2022-11-02 13:32:42,28.342s,PASSED
"tap(findTestObject(""Object Repository/login_via_record/android.widget.ImageView""), 0)",,,,2022-11-02 13:32:42,2022-11-02 13:32:44,1.105s,PASSED
"tap(findTestObject(""Object Repository/login_via_record/android.widget.Button - Masuk""), 0)",,,,2022-11-02 13:32:44,2022-11-02 13:32:44,0.815s,PASSED
"setText(findTestObject(""Object Repository/login_via_record/android.widget.EditText - Masukkan email""), ""studentqa4@binar.id"", 0)",,,,2022-11-02 13:32:44,2022-11-02 13:32:46,1.405s,PASSED
"setText(findTestObject(""Object Repository/login_via_record/android.widget.EditText - Masukkan password""), ""studentQA4"", 0)",,,,2022-11-02 13:32:46,2022-11-02 13:32:47,1.160s,PASSED
"tap(findTestObject(""Object Repository/login_via_record/android.widget.Button - Masuk (1)""), 0)",,,,2022-11-02 13:32:47,2022-11-02 13:32:48,0.751s,PASSED
delay(5),,,,2022-11-02 13:32:48,2022-11-02 13:32:53,5.024s,PASSED
closeApplication(),,,,2022-11-02 13:32:53,2022-11-02 13:32:54,1.668s,PASSED
Start listener action : sampleAfterTestCase,,,,2022-11-02 13:32:54,2022-11-02 13:32:54,0.003s,ERROR
,,,,,,,
Test Cases/EditProfile/Edit_Profile_Positive,,,,2022-11-02 13:32:54,2022-11-02 13:33:48,53.669s,FAILED
Start listener action : sampleBeforeTestCase,,,,2022-11-02 13:32:54,2022-11-02 13:32:54,0.003s,ERROR
"startApplication(""C:\Users\CTAS039\Downloads\app-release.apk"", true)",,,,2022-11-02 13:32:55,2022-11-02 13:33:16,21.382s,PASSED
"tap(findTestObject(""Object Repository/Edit_Profile_Positive/android.widget.ImageView""), 0)",,,,2022-11-02 13:33:16,2022-11-02 13:33:48,31.984s,FAILED
Start listener action : sampleAfterTestCase,,,,2022-11-02 13:33:48,2022-11-02 13:33:48,0.002s,ERROR
