Suite/Test/Step Name,Browser,Description,Tag,Start time,End time,Duration,Status
TestSuites_Challenge,,,,2022-11-02 13:41:21,2022-11-02 13:43:10,1m - 48.309s,FAILED
,,,,,,,
Test Cases/EditProfile/Edit_Profile_Positive,,,,2022-11-02 13:41:22,2022-11-02 13:43:10,1m - 47.877s,FAILED
Start listener action : sampleBeforeTestCase,,,,2022-11-02 13:41:22,2022-11-02 13:41:22,0.005s,ERROR
Start setup action : setupTestCase,,,,2022-11-02 13:41:22,2022-11-02 13:41:50,28.623s,PASSED
"startApplication(""C:\Users\CTAS039\Downloads\app-release.apk"", true)",,,,2022-11-02 13:41:51,2022-11-02 13:42:07,15.912s,PASSED
"tap(findTestObject(""Object Repository/Edit_Profile_Positive/android.widget.ImageView""), 0)",,,,2022-11-02 13:42:07,2022-11-02 13:42:38,31.659s,FAILED
Start tear down : tearDownTestCase,,,,2022-11-02 13:42:38,2022-11-02 13:43:10,31.364s,PASSED
Start listener action : sampleAfterTestCase,,,,2022-11-02 13:43:10,2022-11-02 13:43:10,0.002s,ERROR
