[{"id":"login","uri":"features/login.feature","keyword":"Feature","name":"Login","description":"","line":2,"tags":[{"name":"@Login","line":1}],"elements":[{"id":"login;verify-login-correctly","keyword":"Scenario","name":"Verify Login Correctly","description":"","line":3,"type":"scenario","tags":[{"name":"@Login","line":1}],"before":[{"match":{"location":"features/support/hook.rb:1"},"result":{"status":"passed","duration":27559793000}}],"steps":[{"keyword":"Given ","name":"user launch the AUT","line":5,"output":["Title Bar: {Login}"],"match":{"location":"features/step_definitions/login.rb:1"},"result":{"status":"passed","duration":7459739000}},{"keyword":"When ","name":"user input username","line":6,"match":{"location":"features/step_definitions/login.rb:6"},"result":{"status":"passed","duration":4554326000}},{"keyword":"And ","name":"user input password","line":7,"match":{"location":"features/step_definitions/login.rb:11"},"result":{"status":"passed","duration":4304628000}},{"keyword":"And ","name":"user click on sign in button","line":8,"match":{"location":"features/step_definitions/login.rb:16"},"result":{"status":"passed","duration":9397894000}},{"keyword":"Then ","name":"user should see homepage","line":9,"output":["true"],"match":{"location":"features/step_definitions/login.rb:23"},"result":{"status":"passed","duration":4216449000}}],"after":[{"match":{"location":"features/support/hook.rb:5"},"result":{"status":"passed","duration":1938092000}}]}]}]